cuid,created_at,provider,model,temperature,input_tokens,output_tokens,P1. Upgrade the track to a bitumen road.,"P2. Upgrade the road, to a dirt road suitable for conventional vehicles.","P3. Stabilize specific trouble spots, such as steep slopes, on the road but leave it as a 4WD track.",P4. Maintain the road in its current condition as a 4WD track.,P5. Close the road and rehabilitate it.
718c8217-b11b-4f86-b33f-771a5a23599d,2025-04-28 09:45:03.084188+00:00,xai,grok-3-mini-beta-r=low,0,4143,252,5,4,2,3,1
71b2f6ac-c067-4d62-be8a-52966204cd9b,2025-04-28 09:45:37.664991+00:00,xai,grok-3-mini-beta-r=low,0,4146,256,5,4,2,3,1
a92e9e77-550f-404d-b319-7d3a7ac9a4ec,2025-04-28 09:46:16.681088+00:00,xai,grok-3-mini-beta-r=low,0,4146,249,5,4,2,3,1
0ae06fc0-24dc-4ea7-a07e-f9aef4f17687,2025-04-28 09:46:54.330116+00:00,xai,grok-3-mini-beta-r=low,0,4143,248,5,4,2,3,1
21a05536-6403-4147-ac3d-5fb4b0d2000a,2025-04-28 09:47:35.470465+00:00,xai,grok-3-mini-beta-r=low,0,4146,249,5,4,2,3,1
b6f4d25f-f1cf-4c85-b9d2-1ac6cb47c19a,2025-04-28 10:12:05.738133+00:00,xai,grok-3-mini-beta-r=low,0,11823,247,5,4,2,3,1
bc8c9afc-9915-46d3-8db6-39515c6504f7,2025-04-28 10:12:45.112924+00:00,xai,grok-3-mini-beta-r=low,0,11240,248,5,4,3,2,1
102d8268-fe23-4389-9d4d-01afa5bcdc6c,2025-04-28 10:13:20.725596+00:00,xai,grok-3-mini-beta-r=low,0,10616,247,5,4,2,3,1
3936008c-4c1e-40c4-88e3-2154dd44f405,2025-04-28 10:13:54.758415+00:00,xai,grok-3-mini-beta-r=low,0,11488,246,5,4,2,3,1
a24960f7-9d33-40fb-bc1e-42a7c8f8953d,2025-04-28 10:14:31.035292+00:00,xai,grok-3-mini-beta-r=low,0,9976,247,5,4,2,3,1
