cuid,created_at,provider,model,temperature,input_tokens,output_tokens,"C1. Public funds should pay for biobanks, instead of private companies.  ",C2. The community that donates samples for research should receive improved medical services.  ,C3. All participants should be paid for donating their samples to a biobank. ,C4. Genetic information is different from health information. ,C5. The confidentiality of personal medical information is critical in any circumstance where research is being conducted.,C6. High-priced genetic research is diverting funds that could be used to promote public health.,C7. Race is a useful topic for genetic studies.,C8. Sampling some people in an ethnocultural community is acceptable only if the whole ethnocultural community has agreed to participate.,"C9. To me, religious communities need to be consulted about genetic and biobank research. ",C10. Genetic studies of disability will lead to the discrimination of people living with the same conditions.,C11. Genetic studies of race on enthocultural communities will lead to the discrimination of those same enthocultural communities. ,C12. The priority for healthcare should be to reduce inequalities and the burden of disease.,C13. Biobanks are useful even if they only produce more scientific knowledge and not medical advancements.,C14. It is always permissible to do research on my personally identifiable sample without my prior permission.  ,C15. There is no point in consulting the public about ethical issues in science and technology.,C16. Genetic research will improve our lives.,C17. Deciding how to regulate biobanks should be left to the government. ,C18. There is no risk to the participants who donate to biobanks.,C19. Policy makers should consider the possibility that Canada should not pursue biobanking.,C20. My personal sample should never be anonymized since I should be informed of important research results.  ,C21. Researchers should be allowed to use samples for research but they should not own them.  ,C22. Participants should be contacted every time researchers want to use their samples for research.,C23. Aboriginal communities require special consideration concerning healthcare and research.,C24. Educating people about health issues (e.g. diet and lifestyle changes) promises greater health effects than investing in biobanks.,"C25. If someone is a carrier of a genetic disease, they have a responsibility to participate in genetic research.",C26. Participants should always be able to withdraw their sample from research at anytime. ,C27. I should have property rights to my tissues before or after they leave my body.,C28. Participants who donate their samples for research should be given special access to the treatments and therapies that result from that research. ,C29. Permission from the indigenous community must be sought if samples are collected from indigenous peoples.,C30. Participants should be active in the set up and oversight of  biobanks. ,C31. Biobanks will only lead to expensive treatments and high profits. ,"C32. Scientists should have access to all unidentified, personal samples for research.",C33. Biobanks need independent review boards to determine who should have access to samples. ,C34. I trust researchers to control access to my personal samples.,C35. Everyone should donate samples to a biobank for the benefit of everyone. ,C36. I do not care if my donated sample is connected to my name and medical information.,C37. The fact that we cannot predict what biobanks will be used for bothers me. ,C38. Profits from biobanking should be returned to the donating community. 
9ecd1de8-4693-4d0d-aec5-9ed916dc58e2,2025-03-20 17:31:48.387552+00:00,mistralai,ministral-8b-latest,0,3886,287,11,10,1,6,11,11,1,11,1,1,1,11,7,1,1,11,1,1,1,1,11,1,11,11,1,11,11,10,11,11,1,1,11,11,1,1,1,11
f1cd8e0c-5140-489d-b84a-bd4f18745fab,2025-03-20 17:32:04.717214+00:00,mistralai,ministral-8b-latest,0,3894,291,11,11,1,11,11,11,1,11,11,10,10,11,11,1,1,11,1,1,1,1,11,1,11,11,1,11,11,11,11,11,1,1,11,1,1,1,1,11
2ee2fa44-c1bf-48de-99b6-b21931eee33e,2025-03-20 17:32:11.638169+00:00,mistralai,ministral-8b-latest,0,3894,293,11,11,1,11,11,1,1,11,11,11,11,11,11,1,1,11,1,1,1,1,11,11,11,1,1,11,11,11,11,11,1,1,11,6,11,1,1,11
f354edd4-4d35-4e22-b7fe-5cc2aac193bd,2025-03-20 17:32:18.538238+00:00,mistralai,ministral-8b-latest,0,3876,276,11,1,1,11,11,1,1,11,10,1,1,11,7,1,1,11,1,1,1,1,1,1,11,11,1,11,1,1,11,10,1,1,11,1,1,1,1,1
08c261ce-11da-4ff5-9d14-cf3da1a5b820,2025-03-20 17:32:25.551636+00:00,mistralai,ministral-8b-latest,0,3888,283,9,9,7,10,11,6,6,11,7,11,11,10,8,1,1,10,7,3,5,1,10,11,11,6,3,11,1,9,11,11,4,10,11,8,10,1,5,8
9619d252-7528-4416-9c5b-1d76170310bf,2025-03-20 17:32:36.961472+00:00,mistralai,ministral-8b-latest,0,3888,287,11,7,4,11,11,1,2,10,10,11,11,11,10,1,1,11,5,1,2,2,11,10,11,6,3,11,11,4,11,10,3,1,11,6,8,1,7,10
dd9461b4-51c0-41f6-8eb9-f8d7f6afc91d,2025-04-01 14:55:36.872337+00:00,mistralai,ministral-8b-latest,0,3886,290,11,10,1,6,11,11,1,11,1,1,1,11,7,1,1,11,1,1,1,1,11,1,11,11,1,11,11,10,11,11,1,1,11,11,1,1,1,11
4ff636e7-58d0-44a9-a5d3-15261de679c8,2025-04-01 14:55:41.327493+00:00,mistralai,ministral-8b-latest,0,3880,287,10,6,3,5,11,7,5,10,8,11,11,11,10,1,1,10,6,2,4,1,6,11,10,10,1,11,10,5,10,7,3,4,11,8,3,1,7,6
46839ea1-a5d3-44e8-93c9-13c929473153,2025-04-01 14:55:45.525297+00:00,mistralai,ministral-8b-latest,0,3902,285,11,11,1,11,11,1,1,11,7,10,10,11,11,1,1,11,1,1,1,1,11,11,11,6,1,11,10,11,11,11,1,11,11,11,11,1,1,11
4835158b-8a95-462c-be3e-df33b07895bd,2025-04-01 14:55:49.423109+00:00,mistralai,ministral-8b-latest,0,3894,287,11,11,1,11,11,11,1,11,11,10,10,11,11,1,1,11,1,1,1,1,11,1,11,11,1,11,11,11,11,11,1,1,11,1,1,1,1,11
6dc6ac2a-52d7-4e37-8a1a-e035bbbef3f6,2025-04-01 14:55:53.908623+00:00,mistralai,ministral-8b-latest,0,3894,296,11,11,1,11,11,1,1,11,11,11,11,11,11,1,1,11,1,1,1,1,11,11,11,1,1,11,11,11,11,11,1,1,11,6,11,1,1,11
0248dafb-a657-44c8-bf51-158d77336ad1,2025-04-01 14:55:58.187938+00:00,mistralai,ministral-8b-latest,0,3876,279,11,1,1,11,11,1,1,11,10,1,1,11,7,1,1,11,1,1,1,1,1,1,11,11,1,11,1,1,11,10,1,1,11,1,1,1,1,1
aed600b5-a171-4229-9d9f-a213cd66084d,2025-04-01 14:56:03.224682+00:00,mistralai,ministral-8b-latest,0,3888,288,9,9,7,10,11,6,6,11,7,11,11,10,8,1,1,10,7,3,5,1,10,11,11,6,3,11,1,9,11,11,4,10,11,8,10,1,5,8
882df059-9b7d-4aab-a6ce-3a3330288dcc,2025-04-01 14:56:07.055779+00:00,mistralai,ministral-8b-latest,0,3900,294,11,11,11,1,11,1,1,11,11,11,11,11,11,1,1,11,1,1,1,1,11,11,11,11,1,11,1,1,11,11,1,1,11,11,11,1,1,11
ff02bd9b-9bdf-4370-8bdd-162cf48e8f6e,2025-04-01 14:56:11.104093+00:00,mistralai,ministral-8b-latest,0,3888,309,11,6,4,11,11,1,2,10,10,11,11,11,10,1,1,11,5,1,2,2,11,10,11,6,3,11,11,4,11,10,3,1,11,6,8,1,7,10
016fd595-658c-4b70-9c6c-bd8d7fc8feb4,2025-04-01 14:56:15.122881+00:00,mistralai,ministral-8b-latest,0,3888,283,11,11,1,11,11,1,1,11,1,11,11,11,11,1,1,11,1,1,1,1,11,11,11,1,1,11,1,1,11,11,1,1,11,1,11,1,1,11
f13097be-e608-4d36-a54f-c08866f3563b,2025-04-02 16:03:30.520462+00:00,mistralai,ministral-8b-latest,0,3900,294,11,11,1,11,11,11,1,11,11,11,11,11,11,1,1,11,1,1,1,1,11,11,11,11,1,11,1,11,11,11,1,1,11,11,1,1,1,1
479ffe3e-4d44-4e88-b19a-6654f073c85b,2025-04-02 16:03:34.280643+00:00,mistralai,ministral-8b-latest,0,3894,291,11,11,1,11,11,1,1,1,1,1,1,11,11,1,1,11,1,1,1,1,11,11,11,11,1,11,1,11,11,11,1,11,11,11,1,1,1,11
159d5c71-1c67-412f-8a02-25250e5ffb44,2025-04-02 16:03:38.118962+00:00,mistralai,ministral-8b-latest,0,3882,288,11,1,1,11,11,1,1,10,10,1,1,11,6,1,1,11,1,1,1,1,11,11,10,11,1,11,11,1,10,11,1,1,11,1,1,1,1,1
707f5265-ec0e-4e67-a4f6-333b094aabae,2025-04-02 16:03:41.875597+00:00,mistralai,ministral-8b-latest,0,3890,296,11,10,1,11,11,11,1,11,10,11,11,10,6,1,1,10,1,1,1,1,10,11,11,6,3,11,11,7,11,10,1,2,11,7,1,1,1,10
ff9e1df9-6612-41bc-8503-0973e9de4026,2025-04-02 16:03:45.858469+00:00,mistralai,ministral-8b-latest,0,3882,299,7,8,2,11,11,8,6,11,7,11,11,11,10,1,1,10,3,2,6,1,6,5,11,10,2,11,3,4,11,9,3,4,10,7,5,2,7,8
c4220992-5567-4418-adcd-c8cf089cb388,2025-04-02 16:03:49.849017+00:00,mistralai,ministral-8b-latest,0,3892,282,11,11,1,1,11,11,1,1,11,1,1,11,11,1,1,10,1,1,5,1,11,11,11,11,1,11,1,11,11,11,2,1,11,1,1,1,1,11
c3d0437f-b59b-45e0-9ebf-dcbf113674d3,2025-04-02 16:03:53.561627+00:00,mistralai,ministral-8b-latest,0,3876,275,6,7,5,7,11,8,4,11,8,6,6,11,7,1,1,9,6,3,4,2,11,11,11,8,4,11,5,7,11,11,3,6,11,7,5,2,5,8
e570c925-6e82-49d1-8b69-03af84e389a2,2025-04-02 16:03:57.508432+00:00,mistralai,ministral-8b-latest,0,3900,286,10,10,1,10,11,10,1,10,10,11,11,10,10,1,1,10,1,1,1,1,10,1,10,10,1,11,10,10,10,10,3,10,10,10,10,1,1,10
cc33990b-e918-477d-9ac7-98a9ac09d91f,2025-04-02 16:04:01.560152+00:00,mistralai,ministral-8b-latest,0,3900,297,11,10,1,11,11,11,6,11,10,1,1,11,10,1,1,11,1,1,1,11,10,11,11,11,1,11,11,10,11,11,1,10,11,10,10,1,1,10
33f99e7a-8739-4098-be2c-0bc02846ea35,2025-04-02 16:04:05.502900+00:00,mistralai,ministral-8b-latest,0,3852,270,7,6,6,6,11,5,4,8,4,5,5,8,7,1,1,8,4,2,3,1,8,3,8,7,4,8,5,7,8,7,3,6,7,7,7,1,5,6
64876e5b-305c-4cb0-85f1-44f60f5af5d7,2025-04-02 16:04:09.100958+00:00,mistralai,ministral-8b-latest,0,3860,277,8,6,4,6,11,7,5,8,7,1,1,10,7,2,2,10,5,3,4,3,7,8,10,8,4,9,5,5,10,8,4,3,9,6,6,2,6,7
9be29eee-efeb-4efc-9168-f9427e374d67,2025-04-02 16:04:12.981765+00:00,mistralai,ministral-8b-latest,0,3902,298,11,7,10,10,11,6,5,10,10,10,10,10,10,1,1,11,10,1,6,1,10,10,10,6,10,11,10,10,10,10,1,10,11,10,10,1,1,10
2899b4bc-03db-4849-90c4-5b06b6cbd8f6,2025-04-02 16:04:16.841860+00:00,mistralai,ministral-8b-latest,0,3880,279,10,8,6,7,11,10,4,11,5,1,1,10,7,1,1,9,5,3,4,2,8,11,11,10,3,11,11,8,11,10,3,2,8,7,7,2,6,6
938a569a-b51c-40b4-bd3c-d3a7a456655d,2025-04-02 16:04:20.551380+00:00,mistralai,ministral-8b-latest,0,3890,289,11,11,1,10,11,1,1,11,11,1,1,11,11,1,1,11,1,1,1,1,11,11,11,11,1,11,1,1,11,11,1,1,11,1,1,1,1,1
ce55f105-605d-4717-a8a7-bcdeecee5a39,2025-04-02 16:04:24.302834+00:00,mistralai,ministral-8b-latest,0,3892,293,11,10,1,1,11,10,1,11,1,11,11,11,11,1,1,11,1,1,6,1,11,11,11,4,1,11,10,11,11,11,1,1,11,11,11,1,1,7
90ce601f-d7d9-4a88-bba0-f0a76527dacf,2025-04-02 16:04:28.216528+00:00,mistralai,ministral-8b-latest,0,3904,296,11,11,1,11,11,11,1,11,11,11,11,11,11,1,1,11,1,1,6,1,11,11,11,11,1,11,11,11,11,11,1,11,11,11,1,1,1,1
12e14fa4-5cb9-41b7-81ad-bbfee898fb54,2025-04-02 16:04:32.120729+00:00,mistralai,ministral-8b-latest,0,3888,291,11,11,1,11,11,10,1,1,1,1,1,11,11,1,1,11,1,2,1,1,11,11,11,10,1,11,1,11,11,11,1,6,11,11,1,1,1,11
e409fd34-7f82-40f3-887c-9173113e89ec,2025-04-02 16:04:36.040740+00:00,mistralai,ministral-8b-latest,0,3878,283,11,1,1,10,11,7,1,1,6,1,1,11,6,1,1,11,1,1,4,1,10,1,11,7,1,11,1,1,11,11,1,1,11,1,1,1,4,1
27b4aa49-7744-44b4-adcf-41788bba9c9e,2025-04-02 16:04:39.992914+00:00,mistralai,ministral-8b-latest,0,3878,288,11,6,5,11,11,7,4,10,6,1,1,11,7,1,1,10,4,2,5,2,10,6,11,7,1,10,11,8,11,10,3,1,10,8,6,1,1,10
