cuid,created_at,provider,model,temperature,input_tokens,output_tokens,C1. the shift from the union to the fusion is a step to big which brings too many uncertainties. If things are done more gradually the change will be hurtless because people will be already used to it.,C2. the fusion is a samll step to complete a path of amalgamation that started 20 years ago. The amalgamated municipality it is a realty in facts. How much do we have to wait still?,C3. the amalgamation will erease the local diversities,C4. the fusion is not the only solution to the issues of our territory but it is the more concrete,C5. it is not yet clear how are they are going to amalgamate the contracts of the municipal clerks across the territory. things like these should be decided before the amalgamtion.,"C6. the fusion is a decision that has already been taken and they are trying to imposing it top down. They are trying to sell the product ""amalgamated municipality""","C7. with or without the amalgamation, the important thing that is at the practical level, nothing will change. For example the offices should stay where they are.",C8. the amalgamation will benefit the emplyees and the citizens. The emplyees will increase their competences through more trainings. Therefore the citizens will benefit of more specialized professionals.,C9. we are misusing the fusion. The needs of the territory are not being respected and the valsmaoggia is being used as a labrat,C10. I would not like that the money of my taxes would be used in the municiplities next to mine,C11. through the fusion we will be able to derogare il patto di stabilita' and therefore unblock some founds. The latter can be invested in the municipalities that are more in need ,C12. the fusion seem to me another way to change everything to change nothing,C13. the fusion is a leap in the unknown,C14. the fusion is necessary to lower the taxes,C15. there are not enoughf elements do decide in favor or against the fusion,C16. the fusion is an innovative process that will make as an example to follow for italy and the rest of europe.,C17. the fusion is the right answer to the limit of the union,C18. the amalgsmation will offer the possibility of save money by cutting the political costs and the burocracy costs and making the administration more efficient.,C19. the choice of the fusion is due to the wish of certain political parties to maintain the political dominance,"C20. the fusion will bring the resources to make the intervention that our territory needs, like the bycicle paths or the public transport between the municipalities or the high school.","C21. if the fusion will not be done, the single municipalities will not be capable of maintaining the current quality of the services.","C22. through the fusion we will be able to exploit the potentials of the territory to improve the building-, commercial- handcraft- and agricoltural development.",C23. the new municipality will be politically more powerful in front of other municipalities like Bologna metropolitan. In this way our interests will be protected outside our municiplity.,C24. the consequence of the fusion is that either we will pay more than before or they will cut the services,"C25. it is not possible to say yes or not to the amalgamation without knowing how it will be, how much will it cost and how it will be done.",C26. the fusion will change our relationship with the administration. The fusionwill move away the administration and the power from the local territory and centralizing it somwhere else,C27. the fusion benefits the bigger mnicipalities at the detriment of the smalles also with respect to the external fundings.,C28. the fusion is too risky because is a oneway process,C29. the needs of the citizens are too different acros the municipalities. It will be too difficult for The amalgameted municipality to answer to everybody.,C30. if the administration chose for the fusion it means that it is the right choice. This choice should be taken by the experts not the citizens,"C31. in this days of crisis and changes at the european level, the amalgamation is necessary and opportune.","C32. the union is a failure and a cost, because it absorbed just a very small part of the services and the money",C33. it is not worth to make the amalgamation in this time of reorganization with the metropolitan bologna,C34. it is not necessary to be big to be good. The small municipalities can be better managed of the bigger and do more things. It is a matter of good administration.,"C35. in this fusion there is no project, no vision and nos trategy. Things should be done in a very different way.",C36. with the amalgamation there will be a deficit of democracy because the municipalities will be only consultive. The citizens will have no power
b989fc0f-226d-4565-a9c1-4c2434d83336,2025-04-11 15:14:43.223335+00:00,xai,grok-3-mini-beta,0,4164,219,6,9,4,7,5,3,5,9,2,3,10,1,5,8,6,8,8,9,2,10,7,11,8,5,6,6,4,4,6,6,7,7,7,5,4,3
14e82687-418e-4f9c-95eb-8dfe01e9ea59,2025-04-11 15:15:16.961809+00:00,xai,grok-3-mini-beta,0,4161,216,3,6,7,4,7,6,5,3,5,5,7,8,2,6,9,6,8,6,11,10,9,10,7,2,5,4,7,4,8,4,5,9,1,8,6,3
1176ac37-6032-4ea4-a7f7-1c9c8696f7b3,2025-04-11 15:15:46.318607+00:00,xai,grok-3-mini-beta,0,4164,214,9,7,5,7,5,7,6,6,9,4,10,1,5,10,8,2,6,5,4,8,11,4,5,3,6,6,3,7,4,9,8,6,8,7,2,3
8f4a9210-c799-475e-a6db-55a134f3889b,2025-04-11 15:16:05.316365+00:00,xai,grok-3-mini-beta,0,4164,219,3,7,4,7,6,5,2,10,3,4,8,3,6,8,6,11,7,8,5,9,7,10,9,4,6,5,5,1,4,6,9,2,4,5,6,2
be61fdcb-dc3b-4f6c-a72f-f3fb1dcf3cc6,2025-04-11 15:16:29.878183+00:00,xai,grok-3-mini-beta,0,4164,215,7,8,3,7,5,3,6,11,2,3,9,3,4,6,6,9,9,10,4,8,8,8,10,4,6,4,2,3,3,4,9,1,5,5,3,4
d2f86e1a-5af6-498c-8408-37e495ee6d9f,2025-04-11 15:16:59.473568+00:00,xai,grok-3-mini-beta,0,4161,212,4,9,4,7,6,3,5,7,3,4,9,5,5,10,6,8,7,11,4,9,8,9,10,2,5,4,3,1,3,6,8,3,4,3,2,6
7291ece6-3cb3-4f48-b540-56ce903c5a2a,2025-04-11 15:17:29.569350+00:00,xai,grok-3-mini-beta,0,4161,218,5,7,3,7,4,2,6,8,5,2,8,6,6,9,5,6,8,10,3,6,7,9,7,2,5,1,3,5,4,4,11,4,3,4,5,1
9a0b5c52-62b4-4270-965b-cff0d687b6dc,2025-04-11 15:18:01.034591+00:00,xai,grok-3-mini-beta,0,4164,212,8,9,4,10,8,7,6,11,7,1,10,2,6,11,6,5,9,8,4,7,4,4,8,2,5,6,3,7,6,3,9,3,5,6,5,1
7239ca6b-78e2-4780-a43a-60e18c909a52,2025-04-11 15:18:37.496231+00:00,xai,grok-3-mini-beta,0,4164,220,6,6,5,6,5,7,3,8,9,6,4,9,6,10,7,7,8,4,3,11,2,8,2,8,5,7,6,3,7,4,1,4,10,5,9,5
d69b37a5-1c12-4ed7-a1f4-ad0a7c6bba3f,2025-04-11 15:19:02.253834+00:00,xai,grok-3-mini-beta,0,4161,217,6,3,8,4,6,6,10,7,5,11,4,6,7,1,2,9,5,6,9,5,3,4,8,7,10,5,7,2,9,3,7,5,6,4,8,8
d5e70672-e0e8-4686-9e9f-73d947f88919,2025-04-11 15:19:24.570842+00:00,xai,grok-3-mini-beta,0,4161,213,1,5,4,8,6,5,6,6,7,5,6,5,7,3,4,10,5,4,7,3,4,6,7,2,6,9,10,11,7,8,9,8,2,8,3,9
2175fda1-76e9-4261-ad9a-2b850cc7f73d,2025-04-11 15:19:54.890308+00:00,xai,grok-3-mini-beta,0,4164,217,7,3,6,4,5,7,8,7,6,8,5,4,3,10,7,11,9,9,3,4,6,2,10,8,9,4,6,5,2,5,1,6,7,5,8,6
ff295314-bced-4c13-93bc-33487528176b,2025-04-11 15:20:23.884508+00:00,xai,grok-3-mini-beta,0,4161,214,10,6,5,4,6,8,8,7,8,1,4,7,9,7,7,2,6,5,6,3,6,3,9,5,4,7,5,11,3,4,6,9,10,8,5,2
e90cf740-9597-4892-8126-46cea0da4eae,2025-04-11 15:20:45.739339+00:00,xai,grok-3-mini-beta,0,4161,214,5,9,3,8,5,5,5,11,7,1,9,6,4,7,5,8,7,8,4,10,10,8,7,3,6,6,4,6,6,6,9,7,4,2,3,2
cd3d2b4f-34f4-4c08-aecc-171257c4f0e0,2025-04-11 15:21:21.967702+00:00,xai,grok-3-mini-beta,0,4164,211,6,7,9,7,1,2,9,10,8,8,8,5,8,10,6,4,5,5,4,4,6,4,6,6,7,9,3,2,5,7,6,5,3,3,11,7
892f0626-2680-4fdd-a763-e8424fb6f453,2025-04-11 15:21:47.104095+00:00,xai,grok-3-mini-beta,0,4161,211,4,6,5,7,6,7,4,4,8,11,3,9,10,5,6,7,7,8,5,6,2,8,8,5,9,9,3,7,6,10,3,4,1,6,5,2
ce399520-b8ed-4b9a-bd98-20ddf86245e3,2025-04-11 15:22:12.666919+00:00,xai,grok-3-mini-beta,0,4164,213,2,6,4,4,7,1,8,5,9,5,8,7,6,10,4,8,6,9,6,2,8,9,7,6,5,5,6,7,10,3,11,3,7,5,3,4
1850abcb-f138-435e-829e-023b136008a2,2025-04-11 15:22:32.142755+00:00,xai,grok-3-mini-beta,0,4164,214,6,7,2,7,5,2,6,9,4,3,8,6,3,7,6,9,9,11,5,8,8,10,10,4,6,4,5,3,7,5,8,2,6,7,4,1
43880046-e83b-4e3a-b123-d66e8d18bd12,2025-04-11 15:22:55.866406+00:00,xai,grok-3-mini-beta,0,4164,211,4,5,7,6,6,4,11,8,5,9,10,4,9,8,2,8,10,5,7,8,5,7,7,7,6,6,5,3,3,4,3,1,6,6,2,9
d58767b5-fe88-4ab8-a71c-e9b2d0c8bc47,2025-04-11 15:23:17.804170+00:00,xai,grok-3-mini-beta,0,4164,221,5,11,5,5,10,1,6,7,5,8,5,7,3,6,2,6,3,10,3,6,9,8,7,4,9,4,6,8,4,6,8,7,9,2,7,4
ac30a98b-97d3-47d7-b113-6e3ce387bed2,2025-04-11 15:23:47.710313+00:00,xai,grok-3-mini-beta,0,4161,212,6,7,4,8,5,1,6,7,3,4,9,2,6,7,6,11,8,10,7,10,8,9,9,2,6,5,6,6,4,5,8,3,5,6,3,4
863918af-f3fe-49a7-b29a-72909fc52893,2025-04-11 15:24:17.692094+00:00,xai,grok-3-mini-beta,0,4161,214,8,9,5,11,4,8,7,10,4,3,11,7,3,9,6,8,5,10,4,8,9,10,9,4,7,3,4,4,7,7,8,5,4,7,5,4
e960427e-49c4-4d8a-8999-2c9ea60a2ebc,2025-04-11 15:24:53.174779+00:00,xai,grok-3-mini-beta,0,4161,215,9,5,4,5,7,3,5,10,1,8,6,7,3,3,5,4,6,2,7,5,6,6,6,6,4,2,7,8,10,11,9,8,4,8,7,9
9628f2fa-7079-4d22-a1d8-8a88a356211f,2025-04-11 15:25:17.748439+00:00,xai,grok-3-mini-beta,0,4164,214,7,7,3,4,5,3,7,11,2,6,5,7,6,5,6,1,10,4,5,6,8,4,4,1,9,2,3,8,8,9,3,2,5,6,4,5
630933ec-ca11-4d08-a709-dddc951345e0,2025-04-11 15:25:41.047312+00:00,xai,grok-3-mini-beta,0,4161,217,5,8,4,6,7,10,11,8,7,7,2,7,4,6,1,4,10,11,6,3,6,8,6,7,10,3,8,5,9,9,5,9,8,7,9,5
f08e7649-579f-40ad-91cb-9588e4a38b9a,2025-04-11 15:26:02.606595+00:00,xai,grok-3-mini-beta,0,4161,215,6,4,9,4,5,10,8,5,7,9,5,8,3,6,7,4,10,8,7,4,6,9,6,2,3,11,8,7,6,6,5,7,1,3,2,5
f8fd9be1-b7ad-462a-9150-82525030d35d,2025-04-11 15:26:22.560719+00:00,xai,grok-3-mini-beta,0,4161,214,7,5,4,6,6,10,1,3,1,3,5,9,8,2,11,9,7,6,2,8,9,8,7,5,6,10,3,10,8,7,2,6,9,4,5,4
5a766ea5-c2eb-4411-9d62-cd82ad6bf3d2,2025-04-11 15:26:46.727683+00:00,xai,grok-3-mini-beta,0,4161,215,3,7,4,8,5,3,4,8,5,5,11,4,6,6,6,10,8,8,4,9,9,9,7,2,6,7,2,5,6,7,10,7,6,3,5,1
32d36cec-7382-49b9-9369-6d2e9772a519,2025-04-11 15:27:27.753505+00:00,xai,grok-3-mini-beta,0,4164,215,1,11,9,4,8,7,6,5,5,3,6,4,8,2,8,7,5,4,5,7,4,6,8,3,9,9,2,6,10,6,7,7,6,5,10,3
bded0925-ded4-4a30-a5b2-c4ce28120794,2025-04-11 15:27:56.175020+00:00,xai,grok-3-mini-beta,0,4161,221,7,6,4,3,7,10,7,7,7,6,3,11,6,2,5,9,6,9,10,9,5,4,5,8,3,2,6,4,8,5,4,6,8,5,8,1
