cuid,created_at,provider,model,temperature,input_tokens,output_tokens,"C1. Switzerland currently has a 'two-tier' healthcare system, where wealthier individuals receive better healthcare than others.",C2. A more transparent healthcare system would help people understand costs and make better decisions.,C3. Limiting the influence of private insurance companies in the Swiss healthcare system would help avoid higher costs without improving the quality of care.,"C4. It is important to involve more private actors in healthcare (e.g., outsourcing administrative tasks in hospitals to specialized companies) to reduce costs.",C5. Government control of drug prices would prevent pharmaceutical companies from charging excessive prices.,C6. More competition among insurance providers would lead to lower prices and better services.,C7. Reducing the scope of mandatory health insurance coverage could help lower overall healthcare costs.,"C8. A public single-payer health insurance system would reduce administrative and marketing costs, making the healthcare system more affordable overall.","C9. More competition in mandatory health insurance, where insurers can offer alternative models, would promote innovation and efficiency in healthcare.",C10. Less government regulation in health insurance would allow for more competitive pricing.,C11. Higher tax deductions for medical expenses would help households manage healthcare costs more effectively.,C12. Health insurance costs should be income-based to make them more affordable for lower-income individuals.,C13. Abolishing mandatory health insurance would reduce the financial burden on households.,"C14. As health insurance premiums rise, more households require financial assistance, such as individual premium subsidies, to afford coverage.",C15. Income-based health insurance contributions would make insurance fairer for low-income individuals.,C16. The Swiss healthcare system focuses too much on treating diseases rather than on disease prevention to improve public health.,C17. A lack of financial support for preventive measures leads to higher healthcare costs in the long run.,"C18. The current system encourages excessive use of services once the deductible ('franchise') has been paid, leading to unnecessary treatments and higher overall costs.",C19. The increasing demand for healthcare services is mainly due to an aging population that requires more medical care.,C20. Higher out-of-pocket payments would prevent excessive use of healthcare services.,"C21. A more centralized healthcare system, such as national hospital planning, would better organize and improve efficiency in healthcare.",C22. Hospitals are more interested in maximizing their profits than in ensuring quality and access to healthcare.,"C23. Better coordination between primary care, hospitals, and specialists is essential for the effective treatment of chronic diseases.",C24. Reducing bureaucratic inefficiencies and simplifying administrative processes in healthcare could lead to significant cost savings.
15d9c803-d65f-4f13-8c02-b6edb5491716,2025-03-24 23:03:09.228966+00:00,anthropic,claude-3-5-haiku-20241022,0,2959,182,5,6,5,4,6,5,2,5,5,3,5,6,2,6,6,5,7,6,6,5,6,4,7,7
886cda42-113b-4b4c-8cbd-88dfb620e61f,2025-03-24 23:03:15.255766+00:00,anthropic,claude-3-5-haiku-20241022,0,2959,179,3,7,4,4,6,5,3,5,5,4,5,6,2,6,6,6,7,6,6,4,5,3,7,7
76c88272-112a-4569-ba92-aa525bdafe2b,2025-03-24 23:03:21.771660+00:00,anthropic,claude-3-5-haiku-20241022,0,2959,180,4,6,3,3,6,5,2,4,5,2,4,6,1,6,7,5,7,6,6,4,5,3,7,7
6638fb35-587d-4c90-a917-4286e0cda04d,2025-03-24 23:03:29.218299+00:00,anthropic,claude-3-5-haiku-20241022,0,2959,180,5,7,4,3,6,6,3,5,5,4,5,6,2,5,6,6,6,6,5,5,4,4,7,7
a2e5c6b1-6950-4ab5-b76a-37589b7e03c4,2025-03-24 23:03:42.769093+00:00,anthropic,claude-3-5-haiku-20241022,0,2959,180,6,7,4,4,6,5,3,5,5,3,5,6,2,7,6,6,7,6,5,4,5,5,7,7
87a0ea50-e20a-40c1-b711-bd99d7fda676,2025-03-24 23:03:49.941915+00:00,anthropic,claude-3-5-haiku-20241022,0,2959,176,5,7,4,4,5,4,3,5,5,3,5,6,2,5,6,6,6,4,6,4,5,4,6,7
b4962a40-2a28-4a94-9c41-5bfd1f06c73a,2025-03-24 23:03:57.900043+00:00,anthropic,claude-3-5-haiku-20241022,0,2959,179,6,7,4,3,5,3,2,6,4,2,5,6,2,6,6,5,6,5,5,3,5,4,7,7
7a943068-a544-4624-9eea-02f8a6ee8371,2025-03-24 23:04:04.461454+00:00,anthropic,claude-3-5-haiku-20241022,0,2959,178,6,6,3,4,5,5,3,4,5,4,5,5,3,6,6,6,6,5,6,4,5,4,7,7
5a5d008d-ade4-490d-986c-611d33effd60,2025-03-24 23:04:11.643801+00:00,anthropic,claude-3-5-haiku-20241022,0,2959,179,6,7,5,4,6,5,3,5,5,4,5,6,3,6,6,5,6,6,7,4,4,5,7,7
2ebc5bb6-7838-4d3c-b1bc-f18c5ee107f1,2025-04-02 10:02:17.843477+00:00,anthropic,claude-3-5-haiku-20241022,0,2959,181,5,7,4,3,5,6,3,5,5,2,4,6,2,5,6,6,6,5,5,3,4,4,6,7
d5a9da86-d249-471e-804e-610e8a395273,2025-04-02 10:02:23.309159+00:00,anthropic,claude-3-5-haiku-20241022,0,2959,178,5,6,4,4,5,5,2,5,4,3,5,5,1,6,6,5,6,4,6,3,4,3,7,6
dd930c2e-8015-4ff6-bb84-32057436c7ad,2025-04-02 10:02:28.739144+00:00,anthropic,claude-3-5-haiku-20241022,0,2959,178,5,7,4,4,5,5,3,5,6,4,5,6,2,6,6,6,7,5,5,3,4,3,7,7
9cae070d-de66-457b-accc-c2edb15f0cd6,2025-04-02 10:02:35.157176+00:00,anthropic,claude-3-5-haiku-20241022,0,2959,181,4,6,4,4,6,5,2,6,5,3,5,6,3,5,6,6,7,6,7,4,5,5,7,7
a3a7811d-6356-476d-8cd4-249203b37c62,2025-04-02 10:02:40.486065+00:00,anthropic,claude-3-5-haiku-20241022,0,2959,180,5,7,4,5,6,4,3,6,5,3,5,6,2,6,6,4,7,6,6,4,5,4,7,7
5b423de5-b872-4495-a7a5-cfc38029380f,2025-04-02 10:02:45.508819+00:00,anthropic,claude-3-5-haiku-20241022,0,2959,176,4,6,4,4,5,5,3,5,6,6,4,5,3,5,5,5,6,5,6,4,5,4,7,6
8c343429-d185-4c6d-bac8-4a075eba201f,2025-04-02 10:02:50.255713+00:00,anthropic,claude-3-5-haiku-20241022,0,2959,182,5,7,4,4,6,5,3,6,5,3,5,7,2,7,7,7,7,6,6,4,6,5,7,7
9b0ea0cc-581f-4cdd-acee-1ed403f5f5cc,2025-04-02 10:02:55.278884+00:00,anthropic,claude-3-5-haiku-20241022,0,2959,180,4,6,4,3,5,4,2,6,5,3,4,6,1,5,6,5,6,5,6,4,4,3,6,6
31bf4b9e-a034-4638-a02b-c3feeaf6b8d2,2025-04-02 10:03:00.425336+00:00,anthropic,claude-3-5-haiku-20241022,0,2959,179,6,7,4,4,5,5,3,4,5,2,4,6,2,6,6,6,7,6,5,3,5,5,7,6
b19d0503-d12c-4f8c-8851-7c192cb7787d,2025-04-02 10:03:06.971456+00:00,anthropic,claude-3-5-haiku-20241022,0,2959,178,5,7,5,4,6,4,3,5,5,2,5,6,2,5,6,6,7,6,6,3,5,4,7,7
8b826737-a923-4edb-92d0-8a12b40b3e62,2025-04-02 10:03:13.493223+00:00,anthropic,claude-3-5-haiku-20241022,0,2959,176,5,6,4,3,5,4,3,4,4,2,4,5,2,6,6,5,6,5,6,3,4,3,6,6
8b9eef18-7d61-4cbf-92c9-24fd82bf9d14,2025-04-02 10:03:18.412199+00:00,anthropic,claude-3-5-haiku-20241022,0,2959,176,4,7,6,4,5,4,3,6,5,3,5,7,2,6,6,6,7,6,5,5,6,3,7,7
c871ea3f-337a-4738-b55e-297d1079829a,2025-04-02 10:03:23.758021+00:00,anthropic,claude-3-5-haiku-20241022,0,2959,179,5,7,5,4,5,6,3,6,5,2,5,7,2,6,6,5,6,4,6,4,5,4,7,7
aa310b55-c2e3-4a16-b359-f22c69884668,2025-04-02 10:03:32.729433+00:00,anthropic,claude-3-5-haiku-20241022,0,2959,178,5,7,5,5,6,5,3,6,6,4,5,6,2,7,6,6,7,6,7,3,5,4,7,7
192fa2ef-2cf8-4d6d-abfc-de10bb936dce,2025-04-02 10:03:37.999843+00:00,anthropic,claude-3-5-haiku-20241022,0,2959,179,6,7,3,4,5,4,3,5,4,3,5,6,2,5,6,5,7,6,6,5,5,4,7,6
4db2519d-8866-4528-90c5-5140a53abf84,2025-04-02 10:03:43.395244+00:00,anthropic,claude-3-5-haiku-20241022,0,2959,178,4,7,6,3,5,4,2,5,4,3,4,6,2,5,6,5,6,5,6,4,4,4,7,6
05613fd6-6522-4ee2-b63d-611a953a6a8a,2025-04-02 10:03:48.292802+00:00,anthropic,claude-3-5-haiku-20241022,0,2959,179,4,6,4,4,5,3,3,5,4,2,4,5,2,5,6,5,6,6,6,3,5,4,7,6
618cf39a-c345-411d-818e-4d8456750358,2025-04-02 10:03:53.752868+00:00,anthropic,claude-3-5-haiku-20241022,0,2959,179,5,7,4,5,5,5,3,5,5,3,4,6,2,6,6,6,7,6,7,3,6,4,7,6
8b1a7364-a02c-49bf-9743-267a7be731d5,2025-04-02 10:04:00.007159+00:00,anthropic,claude-3-5-haiku-20241022,0,2959,181,5,6,4,4,6,5,3,6,5,3,5,6,2,6,6,5,6,6,5,4,4,4,7,6
90e73472-7346-4dc6-958c-24a82d802d26,2025-04-02 10:04:05.912963+00:00,anthropic,claude-3-5-haiku-20241022,0,2959,180,5,7,6,4,6,4,3,5,5,5,4,6,2,6,6,4,7,5,6,3,6,5,7,7
b803942f-18b5-42b3-9657-892e59fb1c65,2025-04-02 10:04:10.643182+00:00,anthropic,claude-3-5-haiku-20241022,0,2959,181,4,6,4,3,5,4,2,6,5,2,4,5,2,5,5,5,6,4,6,3,5,3,6,6
