cuid,created_at,provider,model,temperature,input_tokens,output_tokens,C1. Environmental organizations have moved the management of our forests to where it is being done by emotion and not by science.,C2. Returning forests to presettlement conditions ignores the need for wildlife that are adapted to current forest conditions by mandating drastic thinning virtually overnight. ,C3. We need to allow forest managers to determine how to improve forest health to minimize fire damage and loss.,C4. We have to move forward with large-scale restoration-based fuel reduction and learn as we go.,C5. Stakeholders in forest management should work together to define management objectives more by experiments and adaptive management. ,"C6. Science is the most important component informing all management decisions â€” more so than social, cultural and economic considerations.",C7. Old Growth protection is necessary in order to preserve and protect the viability of species dependent upon Old Growth ecosystems.,C8. The government is advancing timber sales in the name of ecological restoration.,"C9. To make thinning projects cost effective, private logging companies must be able to log larger trees.",C10. Using citizen participation in forest management is very important for basing decisions on different ideas and cultural values along with science. ,C11. Aggressive fire suppression has caused the majority of the problems regarding  fires. ,C12. Natural resources must be developed for the benefit of the plain American citizen.,C13. Forest lands should be brought back to their state before human intervention began.,"C14. Without public participation there will be conflict, whereas participation leads to cooperation.",C15. Forest restoration projects should be done in all areas of the forest including roadless and wilderness areas.,C16. Needless red tape and lawsuits delay effective implementation of forest health projects on public lands.,C17. Large trees must be removed in order to create openings for wildlife habitat. ,"C18. Traditional, sustainable forestry that benefits local economies and maintains rural livelihoods is much better than large scale corporate forestry.","C19. We need active forest management on our public lands, through thinning and prescribed burns to reduce the unnatural buildup of fuels.",C20. We should not manipulate nature by restoring forest conditions.,C21. All fuels treatment projects on public lands should comply with existing environmental laws even if compliance slows implementation.,C22. Federal forest management policy should make it easier for loggers to thin out backcountry forests by easing regulatory restrictions and making it harder for interest groups to stop or delay that work.,C23. Humans are a part of the environment. We need to learn how to live sustainably with that environment as much as possible. ,C24. We need to experiment with a range of treatments that could meet restoration goals. ,"C25. Prescribed burns are a flawed idea, especially when there are other practices available for restoration.","C26. Forests must contribute to the economic stability of forest-dependent communities.  There are many job opportunities and value-added products that come out of the forest such as wood for art, vigas for building homes, wildlife for food, herbs for medicine, and grass for livestock.",C27. Forest health needs restoring after decades of government mismanagement.,C28. A diameter cap should be placed on all thinning projects to ensure large trees are not cut.,C29. Thinning efforts should focus entirely on the small trees that make up the vast majority of the fire risk in the forest. ,C30. Fire is a natural and vital component of most western forest ecosystems.,C31. Prescribed burning is needed to restore fire-adapted ecosystems.,"C32. If an action is determined to be necessary to control a wildfire, save lives and/or property, and ensure that fire crews can do their jobs safely and efficiently, then it is appropriate to act even if it results in the take of an endangered species.","C33. Small scale thinning projects should give the communities involved pride in taking part in a sustainable forest management plan, and it also allows the traditional communities to realize a boost to their fragile economies.",C34. The main issue in forest management is to protect loss of life and property due to catastrophic wildfire. ,"C35. We need to be cautious: the solution is there, but we still have a lot to learn. If we just jump in, we're going to make mistakes.","C36. People should take what is needed from forests, but in a context of stewardship and sustainable use and interaction with nature. ","C37. Federal agencies need to restore public trust through transparency in project intent, development and implementation.",C38. Forest management involves restoring ecosystem function and processes that maintain ecosystems over the long run. ,C39. Demonizing fire is a mistake: we must accept risks of fire damage to property and implement controlled burning.,C40. We need to clean up the bureaucratic maze that stops our professional foresters from being able to do the work that they are trained to do.,"C41. Fire risk reduction projects should clearly focus on the wildland-urban interface, avoiding treatments in roadless areas.",C42. Land managers should return public forest land to natural conditions and fire cycles that are specific to each forest-type.,C43. Federal land management procedures are so complex that they prevent timely action to address ecological crises on public lands.,C44. The increased density of forests in the West has not damaged ecosystems.,C45. Forest health means jobs.
c3ee36e5-c903-4658-8219-794ce49dfd90,2025-03-27 16:56:08.518684+00:00,qwen,qwen-plus,0,4798,318,5,4,9,8,9,7,10,5,6,10,9,7,6,10,7,7,6,9,9,4,8,4,9,8,3,9,8,10,9,10,10,8,9,7,8,9,8,10,10,7,9,8,8,4,8
187b8ace-2c68-496a-b665-dbc639aaa62c,2025-03-27 16:56:18.116257+00:00,qwen,qwen-plus,0,4788,314,5,5,7,7,8,6,10,5,6,9,9,7,5,9,6,8,5,8,8,4,9,5,10,8,4,9,7,7,8,10,9,6,8,10,8,9,9,9,7,8,7,6,8,3,8
29f4e0ae-e337-41a2-8f2d-61c40570f540,2025-03-27 20:24:35.767401+00:00,qwen,qwen-plus,0,4796,318,4,5,9,8,9,6,10,5,5,10,10,6,4,10,6,8,6,7,9,3,9,5,10,8,4,8,9,8,8,10,9,8,8,9,7,9,9,10,9,7,9,8,7,3,7
bd11d50c-a35a-47a2-a1a0-061f45d59e1c,2025-03-27 20:24:46.126943+00:00,qwen,qwen-plus,0,4814,326,3,5,8,9,8,7,11,4,6,10,9,7,5,10,7,8,5,10,11,3,10,6,10,9,4,9,8,10,9,11,11,8,9,11,7,10,9,11,11,7,10,10,8,4,8
08bcaf66-f313-4d79-b66c-a3c83a8c2483,2025-03-27 20:24:57.568728+00:00,qwen,qwen-plus,0,4802,323,5,7,7,7,9,7,8,5,5,10,9,6,4,10,6,8,6,9,10,3,8,6,11,8,4,10,9,9,6,11,10,7,8,10,8,10,8,10,9,8,7,8,9,3,8
b5e9619b-6fc0-47c2-99db-79506a7b8b53,2025-03-27 20:25:08.416121+00:00,qwen,qwen-plus,0,4800,320,3,4,9,8,9,10,10,4,5,10,9,3,2,10,7,7,5,9,8,3,10,5,10,8,3,9,8,10,8,10,9,7,9,8,8,9,10,9,8,6,9,8,6,2,7
60ecdaef-6052-4e69-9b50-8cd240fd9208,2025-03-27 20:25:18.801296+00:00,qwen,qwen-plus,0,4796,316,7,4,9,7,9,7,10,5,5,9,9,6,6,10,6,7,4,10,9,3,8,6,9,8,3,9,8,9,8,10,8,6,9,10,8,10,9,10,7,8,7,8,8,2,9
a857a1d8-776e-4fa7-aeab-9a3bcc4aa67b,2025-03-27 20:25:29.502341+00:00,qwen,qwen-plus,0,4802,323,4,3,8,8,9,7,10,5,4,10,9,6,5,10,6,7,5,9,10,3,8,6,10,8,2,10,8,9,9,10,10,7,9,9,8,10,8,11,9,8,8,9,7,2,7
76bc34e3-cd60-445e-83c4-dfaf7201ef73,2025-03-27 20:25:40.572955+00:00,qwen,qwen-plus,0,4808,323,5,5,9,8,8,8,10,6,6,11,11,7,7,10,7,8,5,9,10,4,9,6,11,10,4,9,9,9,8,11,11,7,9,10,7,9,10,10,10,8,9,9,8,4,8
bcc5b6c0-3753-45d0-9319-8c16772a6d5e,2025-03-27 20:25:51.308397+00:00,qwen,qwen-plus,0,4794,316,5,3,8,8,9,7,10,5,7,10,9,6,5,11,6,8,4,9,9,4,9,6,10,8,3,8,8,7,8,10,9,7,8,10,8,9,9,9,7,7,10,8,8,2,6
aa9f7466-a496-4bdc-8338-68c1456a8c7a,2025-03-27 20:26:01.989976+00:00,qwen,qwen-plus,0,4802,321,4,3,9,8,10,7,10,5,5,10,10,8,5,10,6,8,6,9,9,2,9,4,11,8,3,8,8,7,9,10,9,6,9,9,8,10,8,10,9,8,8,10,8,2,7
731efcb4-cf96-4da0-80d9-e65e2a01869f,2025-03-27 20:26:12.422024+00:00,qwen,qwen-plus,0,4796,317,4,4,8,8,10,7,9,5,6,9,8,6,5,9,6,8,4,9,10,4,9,7,10,8,3,9,8,8,9,10,10,8,9,9,8,10,9,10,8,7,7,8,7,3,8
e78e337d-2b92-43e2-a71d-857a0b75d001,2025-03-27 20:26:23.334449+00:00,qwen,qwen-plus,0,4796,316,4,5,7,8,9,5,10,5,5,10,9,6,6,10,7,8,6,9,10,3,9,6,10,8,3,8,8,8,8,9,10,7,8,10,7,9,9,9,9,7,9,8,6,4,7
c0a5b3d0-9f80-4f21-8dbc-ba2c9afddc00,2025-03-27 20:26:33.694249+00:00,qwen,qwen-plus,0,4792,316,5,5,8,8,8,6,8,4,6,9,8,7,4,10,7,7,5,8,9,3,8,6,10,8,4,8,8,7,9,10,9,7,8,10,8,10,9,9,9,7,9,9,7,3,7
c592edd2-1adc-41f5-9ef8-29210154da16,2025-03-27 20:26:44.574458+00:00,qwen,qwen-plus,0,4800,318,5,5,9,8,9,7,10,6,6,10,9,7,6,10,8,9,4,8,10,4,9,7,10,8,3,9,9,7,9,10,10,7,8,10,8,9,10,9,9,8,8,9,8,4,8
63247bb5-3807-4fe9-bb2f-869aec89d2d1,2025-03-27 20:26:55.326475+00:00,qwen,qwen-plus,0,4792,316,3,3,8,7,8,6,10,3,5,10,8,6,4,10,5,7,4,9,9,2,9,5,10,7,2,8,9,9,8,10,7,8,8,9,8,9,9,10,7,7,8,7,7,2,8
a81c0a15-d0d1-418f-9530-e59c6f3d35aa,2025-03-27 20:27:06.092059+00:00,qwen,qwen-plus,0,4798,318,4,3,9,8,8,6,10,5,7,10,8,5,4,10,7,7,5,9,9,2,9,6,10,8,4,8,8,7,8,10,10,6,9,11,7,10,8,9,8,7,9,9,6,3,7
7ba184fc-372c-415d-b32c-c6bf5516c52b,2025-03-27 20:27:17.033434+00:00,qwen,qwen-plus,0,4800,319,6,5,9,8,9,5,9,5,5,10,9,6,6,10,8,7,4,8,9,3,10,6,10,8,4,9,8,8,10,10,10,9,8,10,7,9,9,10,7,8,8,7,8,4,7
d685f234-f839-4097-bc90-4d4d1b053f02,2025-03-27 20:27:27.700707+00:00,qwen,qwen-plus,0,4802,324,4,4,8,8,9,7,10,4,5,10,9,5,7,10,8,4,6,9,9,3,10,4,10,9,3,9,8,8,9,10,10,7,10,8,9,10,9,10,9,4,9,9,5,3,6
3f529d24-a59d-48db-9fbe-e848b2443486,2025-03-27 20:27:38.364982+00:00,qwen,qwen-plus,0,4816,330,5,3,10,9,9,7,10,4,5,10,11,6,5,11,7,6,7,10,11,2,9,5,11,10,3,10,8,10,8,11,10,8,10,11,8,10,10,11,9,8,9,9,7,3,7
e5e763de-2e14-4dcf-871b-344ed5cafe44,2025-03-27 20:27:53.625188+00:00,qwen,qwen-plus,0,4790,314,5,4,7,8,8,6,10,4,5,10,9,7,5,9,7,7,4,8,9,3,8,5,9,8,4,8,7,8,7,10,9,7,8,9,8,9,10,9,9,7,8,8,8,3,6
e3a51f0b-d89d-448a-b1b8-7f4396732612,2025-03-27 20:28:04.133484+00:00,qwen,qwen-plus,0,4810,322,3,6,9,8,8,7,10,4,6,9,10,7,5,10,7,8,6,9,10,4,10,5,10,8,4,10,8,9,9,11,10,10,9,11,8,10,10,10,9,7,9,9,8,3,7
01767c71-8242-4d59-9259-539449efc3f9,2025-03-27 20:28:14.598058+00:00,qwen,qwen-plus,0,4792,316,4,5,9,8,9,6,9,5,6,10,9,7,6,10,8,7,6,9,9,4,8,5,10,9,4,8,8,9,9,10,9,8,8,9,9,10,8,10,9,8,8,8,7,4,7
29767924-d450-4255-9eac-63f5adc3908f,2025-03-27 20:28:25.022601+00:00,qwen,qwen-plus,0,4818,329,5,4,9,9,10,5,10,5,7,11,11,6,7,11,8,8,6,10,10,4,9,7,11,9,3,9,8,9,10,11,10,8,10,11,8,11,10,11,10,8,10,9,8,3,7
f83afbc0-4631-4f89-97cf-36ea7b0932eb,2025-03-27 20:28:35.667027+00:00,qwen,qwen-plus,0,4792,319,4,6,7,7,9,8,9,4,5,10,10,6,5,9,3,6,6,8,8,3,10,4,9,7,3,9,8,8,7,10,9,6,8,8,8,9,8,10,7,5,7,9,5,4,8
10e49b59-1fd7-4cb9-876e-8abec412fb09,2025-03-27 20:28:46.125669+00:00,qwen,qwen-plus,0,4792,315,4,3,8,8,8,9,9,5,6,9,8,6,4,10,5,8,5,7,10,3,9,5,10,8,3,9,8,7,9,8,7,7,9,10,7,10,10,9,6,8,9,8,8,2,7
82210d34-a82a-4ce2-8cc3-2f78938edbbb,2025-03-27 20:28:56.004959+00:00,qwen,qwen-plus,0,4802,320,3,4,8,9,9,9,10,4,5,9,10,6,6,10,6,8,5,8,9,2,10,5,10,9,3,7,8,9,8,10,10,7,8,10,8,10,9,10,9,8,8,9,7,3,6
2dddc828-faf7-4f56-a3ac-227cee8e6223,2025-03-27 20:29:06.141592+00:00,qwen,qwen-plus,0,4814,329,5,6,10,8,9,6,11,5,7,10,10,7,7,10,7,8,6,9,10,4,10,7,11,9,4,10,8,9,10,11,10,8,9,10,8,10,9,11,8,8,9,11,8,3,9
c3bdfd03-afd9-40ba-85ad-1f29d7abd27b,2025-03-27 20:29:16.128552+00:00,qwen,qwen-plus,0,4796,315,4,4,8,7,9,6,10,4,6,10,9,7,6,10,8,5,5,9,9,3,9,4,10,8,3,8,9,8,8,10,9,7,7,8,8,9,10,9,8,5,8,10,7,3,7
0d3383a9-1055-4869-b5ff-b349890d8fca,2025-03-27 20:29:25.605666+00:00,qwen,qwen-plus,0,4802,322,3,3,9,9,9,6,10,5,4,10,9,4,5,10,7,7,4,8,10,2,7,5,10,9,3,8,8,9,9,10,10,7,9,8,8,10,9,10,9,8,8,10,7,2,9
e5b5840f-f0d6-4057-baa0-d83decf075a3,2025-03-27 20:29:35.380332+00:00,qwen,qwen-plus,0,4794,319,4,5,8,7,8,6,10,5,5,9,9,6,4,9,7,7,4,6,8,3,8,5,11,9,3,8,9,8,8,10,9,7,8,11,8,10,7,10,9,7,9,8,6,4,7
