cuid,created_at,provider,model,temperature,input_tokens,output_tokens,"C1. Mental health can be understood in different ways. A comprehensive definition of mental health should take into account social issues such as poverty, inequality, and discrimination.","C2. Being poor, living far from urban centers, or being a victim of racism are examples of factors that can influence a person's willingness to seek help for mental health problems.",C3. Improving working or study conditions does not impact people's mental health in any way.,C4. Mental health issues require less urgency and fewer resources compared to physical health conditions.,C5. Mental health problems are solely medical in nature and not a social issue.,C6. Individuals should take responsibility for their own mental well-being.,"C7. Personal cultural or religious beliefs and preferences should guide the choice of treatment methods, including therapy and medication.",C8. Personal solutions (such as joining a yoga club) are more effective than government intervention in addressing mental health issues (such as having social workers or psychologists in schools).,C9. It is good that basic health insurance does not fully cover mental health care since only a few people need it.,"C10. More government funding is needed to improve mental health services and their accessibility, especially for marginalized people subject to socioeconomic disparities.","C11. Private mental health services are better than public ones, so Switzerland's mental health system should be entirely privatized.","C12. Investing in mental health services in schools and workplaces (for example, having social workers in facilities) is essential to prevent negative mental health outcomes.","C13. To prevent people with mental health issues from feeling lonely or isolated, we should talk more about these topics in schools and workplaces to increase public understanding and sensitivity.",C14. People should take responsibility for actively addressing their own biases and prejudices against individuals with mental health disorders.,C15. People with mental disorders should not be allowed to work with children.,"C16. Focusing on prevention strategies (e.g., government media campaigns) is essential to reducing the impact of stigma associated with mental health conditions.","C17. Social media contribute to mental health issues through cyberbullying, social comparison, and unrealistic portrayals of life.","C18. Schools should play a crucial role in creating a supportive environment, both online and offline, to mitigate the negative impact of social media on mental health.",C19. Minors under the age of 16 should be legally prohibited from using social media.,C20. Social media platforms should be required to have parental controls.
498d11f5-c1b3-4168-a0b2-73bd68abd277,2025-04-11 14:40:33.149531+00:00,xai,grok-3-mini-beta,0,2650,151,7,7,1,1,2,6,6,3,1,7,3,7,7,7,2,7,6,7,5,7
d2b61066-d9f4-4f9b-b55b-593111ad966e,2025-04-11 14:40:52.092922+00:00,xai,grok-3-mini-beta,0,2650,154,7,7,1,1,1,6,6,3,1,7,1,7,7,7,1,7,7,7,5,7
b86e85ab-3cfe-4c34-98ec-afa3d57a2105,2025-04-11 14:41:09.142985+00:00,xai,grok-3-mini-beta,0,2650,149,6,7,1,1,1,6,5,3,1,7,2,7,6,7,2,7,6,6,5,6
ffd9922d-ec15-48d2-ada4-2a421e10fa32,2025-04-11 14:41:28.705483+00:00,xai,grok-3-mini-beta,0,2648,151,7,7,1,2,1,6,6,3,1,7,2,6,7,7,2,7,6,6,5,6
f0265044-4e27-4c97-ac19-553114b39fc4,2025-04-11 14:41:48.192561+00:00,xai,grok-3-mini-beta,0,2650,149,7,7,1,1,1,6,7,3,1,7,2,7,7,7,2,7,7,7,5,7
49570d90-64bd-49ff-8815-75fd9f620fec,2025-04-11 14:42:06.147968+00:00,xai,grok-3-mini-beta,0,2650,147,7,7,1,1,2,6,6,2,1,7,2,7,7,7,1,7,7,7,5,6
21bd735a-a0fa-41ad-bc16-9944c3c02bd5,2025-04-11 14:42:24.455484+00:00,xai,grok-3-mini-beta,0,2650,158,7,7,1,1,1,6,6,3,1,7,2,7,7,7,2,7,7,7,4,6
4331c593-b565-4e9e-ab08-3c9357150a54,2025-04-11 14:42:42.145176+00:00,xai,grok-3-mini-beta,0,2650,152,7,7,1,1,2,6,5,3,1,7,2,7,7,7,3,7,7,6,5,6
afe9b546-7af9-486c-9136-d9180eff05c6,2025-04-11 14:43:04.027047+00:00,xai,grok-3-mini-beta,0,2650,147,7,7,1,1,1,6,6,3,1,7,2,7,7,7,2,7,7,7,5,6
799169d3-6c1b-45bb-b0b0-5f9c99a4e795,2025-04-11 14:43:24.599172+00:00,xai,grok-3-mini-beta,0,2650,152,7,7,1,1,1,6,6,3,1,7,2,7,7,6,2,7,7,7,5,6
7e10e430-ce22-444f-8a20-62c9f2047ebe,2025-04-11 14:43:47.466261+00:00,xai,grok-3-mini-beta,0,2650,148,6,7,1,1,1,5,6,2,1,7,2,7,7,7,2,6,6,7,5,6
52295ff8-c767-44d1-bd80-4396f820f5d6,2025-04-11 14:44:05.024414+00:00,xai,grok-3-mini-beta,0,2650,148,7,7,1,1,1,6,6,2,1,7,2,7,7,7,2,7,7,7,5,7
a3878153-c687-4bfc-b726-892c4b7cb86b,2025-04-11 14:44:23.852825+00:00,xai,grok-3-mini-beta,0,2648,150,7,7,1,1,2,6,6,4,1,7,3,7,7,7,2,7,7,7,6,7
16e25f9e-b654-4c56-b45e-72a1fb4b9732,2025-04-11 14:44:45.445721+00:00,xai,grok-3-mini-beta,0,2650,154,7,7,1,1,1,6,7,3,1,7,2,7,7,7,1,7,7,6,5,6
7a6b777e-adaf-4164-9c97-948104ee3562,2025-04-11 14:45:01.702990+00:00,xai,grok-3-mini-beta,0,2650,157,7,7,1,1,1,6,6,2,1,7,2,7,7,7,3,7,7,7,5,6
5563b713-fe8c-4cd6-9cdc-78a005f92c99,2025-04-11 14:45:21.815697+00:00,xai,grok-3-mini-beta,0,2650,149,6,6,1,1,1,6,5,3,1,7,2,7,7,7,2,7,7,7,5,7
59fd9df0-42a9-46b8-86db-2217606ff17b,2025-04-11 14:45:39.827593+00:00,xai,grok-3-mini-beta,0,2650,147,7,7,1,1,1,6,5,2,1,7,1,7,7,7,1,7,7,7,5,6
1d1ee39c-2f49-4022-8a2a-77524f5fb6ce,2025-04-11 14:46:00.518457+00:00,xai,grok-3-mini-beta,0,2650,150,7,7,1,1,2,7,6,4,1,7,3,7,7,7,2,7,7,7,5,6
3556b2de-1cdb-4d74-b40c-c925153b65f0,2025-04-11 14:46:18.944614+00:00,xai,grok-3-mini-beta,0,2648,156,7,7,1,1,1,6,7,3,1,7,2,7,7,7,2,7,7,7,5,6
0efe23d4-1e9f-4052-b3fb-2e8eadb2537f,2025-04-11 14:46:38.327017+00:00,xai,grok-3-mini-beta,0,2648,156,7,7,1,1,1,6,6,3,1,7,2,7,7,7,2,7,7,7,5,6
42fa84df-656f-412e-abf8-a1e7fd6067f0,2025-04-11 14:46:57.663042+00:00,xai,grok-3-mini-beta,0,2650,151,7,7,1,1,2,6,6,3,1,7,2,7,7,7,2,6,6,6,4,6
7f5f60f2-fd45-4960-bb51-d3edfb138977,2025-04-11 14:47:15.985080+00:00,xai,grok-3-mini-beta,0,2648,151,7,7,1,1,1,6,7,4,1,7,2,7,7,7,2,7,7,7,5,6
22045815-9567-4565-a8ff-087c6f071bfa,2025-04-11 14:47:36.440565+00:00,xai,grok-3-mini-beta,0,2650,153,7,7,1,1,2,6,6,2,1,7,2,7,7,7,3,7,7,7,5,6
909afe62-5258-4de1-9e7e-cf73038f7383,2025-04-11 14:47:54.943140+00:00,xai,grok-3-mini-beta,0,2650,150,6,7,1,1,2,5,6,2,1,7,1,7,7,7,2,7,7,7,4,6
4093ed38-7142-4969-9172-ca849dd27899,2025-04-11 14:48:10.936248+00:00,xai,grok-3-mini-beta,0,2650,150,7,7,1,1,1,6,6,3,1,7,2,7,7,7,2,7,6,7,5,6
e8817af6-089f-4f5a-b79c-626d2347b922,2025-04-11 14:48:29.301625+00:00,xai,grok-3-mini-beta,0,2650,154,7,7,1,1,2,7,6,3,1,7,2,7,7,7,2,7,7,7,5,6
f5a5547b-679f-4a0e-97a5-0d089bf77f00,2025-04-11 14:48:46.917782+00:00,xai,grok-3-mini-beta,0,2648,151,7,7,1,1,2,6,6,3,1,7,2,7,7,7,1,7,7,7,5,6
69ad6fa4-d1f1-438d-9ff5-e657492216b0,2025-04-11 14:49:05.163420+00:00,xai,grok-3-mini-beta,0,2650,152,7,7,1,1,1,6,7,3,1,7,2,7,7,7,1,7,7,7,5,6
bd437642-85a4-43b9-8ab8-197638ab617c,2025-04-11 14:49:26.109748+00:00,xai,grok-3-mini-beta,0,2650,151,7,7,1,1,2,5,6,4,1,7,2,7,7,7,3,7,7,7,6,6
1e5676be-cd21-4f28-b958-d0d011202362,2025-04-11 14:49:46.206327+00:00,xai,grok-3-mini-beta,0,2650,156,7,7,1,1,1,7,7,2,1,7,2,7,7,7,2,7,7,7,6,7
