cuid,created_at,provider,model,temperature,input_tokens,output_tokens,C1. Begging is caused by poverty and discrimination of minority groups in certain EU countries.,C2. Beggars are victims of poverty in their home countries.,C3. If we begin to help those who come here to beg for it will soon be even more.,"C4. Allowing street begging in some EU countries, including Sweden, does not facilitate Romania's efforts to achieve social inclusion and enhancing employability",C5. Many beggars are victims.,C6. EU migrants coming to Uppsala due to rumors of more support and shelter for the homeless.,C7. Tourism in Sweden is damaged when the image of a clean and safe country no longer proves correct.,C8. It is not OK to break Swedish law just because the offenders are poor.,C9. I feel guilty that I have it good when I see a beggar.,C10. Beggars should not bring their children to Sweden but leave them at home so they can attend school.,C11. The municipality is responsible for helping the begging EU citizens in Sweden.,"C12. Beggars have the same values as us and therefore we have an obligation to help them with school, work, housing and food.",C13. I have no responsibility for helping the begging Roma in Sweden.,C14. We should try the beggars to find other ways to help themselves.,C15. We need to focus on giving them help in their homeland.,C16. Sweden can not take responsibility for all the poor people in the world.,C17. Street scene in Uppsala has changed for the worse since the beggars have come.,C18. The EU is responsible to handle the situation involving EU citizens crossing borders to beg.,C19. Begging EU Citizens really want to go back to their country and not live in Sweden.,"C20. Before we assist foreign beggars, we must take care of our own Swedish homeless.",C21. The EU is powerless against Romania's shameless treatment of the Roma minority.,C22. It is our establishment which invites them to beg and take part of our social safety net.,C23. It's good to give money to the beggars,C24. Begging on the streets of Uppsala is organized with connections to the criminal mafia.,C25. There are too many beggars on the streets of Uppsala.,C26. Our tax money should go to the Swedes not to foreign beggars.,C27. They should look for jobs instead of begging.,C28. We can not help so much that we are sending the wrong signals.,C29. The Swedish state is responsible for helping the begging Roma in Sweden.,C30. We must improve the beggars conditions when they are in Sweden.,C31. There is no ultimate responsibility for begging EU citizens.,C32.  Romania is failing to take responsibility for the Roma population.,"C33. The emergence of ""parallel societies"" and ""slums"" in Uppsala, is not acceptable.",C34. Home countries Romania and Bulgaria have a responsibility to improve the situation of their minority population.,C35. The beggars have it good here in Sweden and would rather live here. ,C36. The beggars trying to cheat me out of money by playing sick and poor even though they are not.,C37. Beggars can get away with things that you and I would not get away with.,C38. We should take in more refugees in Sweden.,C39. Politicians in Uppsala take no responsibility for the beggars.,C40. I feel helpless when I see a beggar.,C41. The migrant beggars are eating way the Swedish welfare state,C42. Why don't we just treat the beggars the same as we do refugees? They are in the same situation.
84505a8d-5773-47f8-aebc-80860ab147a6,2025-04-10 16:05:09.714518+00:00,cohere,command-a-03-2025,0,5269.0,301.0,6,6,4,4,5,3,3,6,4,4,5,6,3,4,5,3,2,5,3,6,4,2,3,3,3,2,4,4,5,4,2,5,6,5,2,2,3,5,4,5,2,5
fa751031-d34f-4fa3-93b9-8341d35b6459,2025-04-10 16:05:19.293733+00:00,cohere,command-a-03-2025,0,5269.0,304.0,7,7,4,5,7,3,2,7,6,4,4,7,2,5,6,6,2,6,4,6,5,2,5,3,3,2,3,5,5,6,3,6,7,6,2,2,2,7,3,6,2,4
4f25e7d0-0560-420f-8631-3b9780bbe8ff,2025-04-10 16:05:28.872366+00:00,cohere,command-a-03-2025,0,5269.0,304.0,6,6,2,5,6,3,3,5,4,2,3,6,1,5,4,4,3,5,1,3,4,2,3,4,3,2,4,3,5,4,2,6,4,6,2,2,2,5,3,5,2,1
36e1723b-bbe8-4435-9886-8d38be18d0ef,2025-04-10 16:05:38.797538+00:00,cohere,command-a-03-2025,0,5269.0,305.0,6,7,3,5,6,4,5,6,5,4,5,5,2,6,6,6,4,5,6,4,5,3,4,2,4,3,4,4,5,6,3,6,5,5,3,2,3,5,4,5,2,4
a48a626e-bee8-49a5-a212-b851912be945,2025-04-10 16:05:48.406675+00:00,cohere,command-a-03-2025,0,5269.0,305.0,5,6,4,5,6,3,4,6,3,3,5,5,2,5,5,6,3,5,4,4,4,2,3,2,4,3,4,4,5,6,3,6,6,6,2,2,2,5,5,2,2,3
15bb0922-4753-4d99-8793-4f3fe9abb33b,2025-04-10 16:05:57.797102+00:00,cohere,command-a-03-2025,0,5269.0,307.0,7,7,3,4,7,2,4,7,3,4,5,6,3,5,5,5,2,5,3,6,4,2,6,3,4,2,4,4,6,6,3,6,5,6,3,2,2,5,2,4,2,2
fe08b339-5d61-402b-ab15-dc0ba5cfaeb9,2025-04-10 16:06:06.948638+00:00,cohere,command-a-03-2025,0,5269.0,299.0,7,6,3,6,6,4,4,7,5,3,5,5,2,5,5,6,3,6,4,4,6,3,3,2,3,2,3,4,6,7,4,7,6,6,2,1,2,5,5,4,2,2
ec968b74-ecf5-41f2-bd5b-abf1fe98bbc5,2025-04-10 16:06:15.927300+00:00,cohere,command-a-03-2025,0,5269.0,305.0,6,6,4,5,6,4,4,6,4,4,5,5,2,4,5,6,3,6,5,4,6,3,3,2,4,3,4,5,5,5,2,6,6,6,2,1,2,5,3,4,2,3
b677cd82-25e9-42e5-9fd3-20e8324a8c79,2025-04-10 16:06:24.731614+00:00,cohere,command-a-03-2025,0,5269.0,303.0,7,7,3,5,6,3,4,7,5,5,5,6,2,5,6,7,4,6,5,5,6,2,4,2,4,3,3,4,5,6,4,6,6,7,2,2,3,6,3,5,2,4
71e76f8e-af8a-4471-803c-1cc586b3fd5e,2025-04-10 16:06:33.953163+00:00,cohere,command-a-03-2025,0,5269.0,301.0,6,6,3,5,6,2,4,6,4,3,5,5,3,4,5,4,3,5,3,5,5,2,4,2,3,2,4,4,5,6,2,6,6,6,2,2,3,6,4,3,2,4
9ad27306-44c6-4bd0-9115-13bc2f8fbd06,2025-04-10 16:06:42.249735+00:00,cohere,command-a-03-2025,0,5272.0,301.0,6,6,3,5,6,3,4,7,4,6,5,5,3,5,6,6,4,5,4,6,4,2,3,4,4,4,5,4,5,5,4,5,6,5,2,2,3,5,3,4,2,3
99810c49-3d4d-4f59-bd17-ca17d74c3dfa,2025-04-10 16:06:51.463614+00:00,cohere,command-a-03-2025,0,5269.0,304.0,6,5,3,5,6,3,3,7,5,4,4,5,2,5,6,6,3,5,5,5,5,3,3,3,4,3,3,4,4,6,2,6,7,7,2,2,4,6,4,4,2,4
ecf56c7d-047d-439c-9478-0900be4ced35,2025-04-10 16:07:00.674938+00:00,cohere,command-a-03-2025,0,5269.0,302.0,7,6,2,7,7,3,5,7,5,3,5,5,2,6,6,7,4,7,5,6,7,3,4,3,6,2,3,4,5,5,4,6,6,7,2,2,3,5,6,5,2,4
b9c9f3a1-42ee-438b-b6e4-8bacacfbf7ad,2025-04-10 16:07:09.383059+00:00,cohere,command-a-03-2025,0,5269.0,301.0,6,6,2,4,6,3,4,6,5,3,5,4,2,5,4,5,3,6,3,5,5,2,3,3,4,2,4,4,5,5,2,5,5,6,2,2,3,6,4,5,2,4
5263b2bf-adb6-45ed-b100-4b61922c90fe,2025-04-10 16:07:18.627679+00:00,cohere,command-a-03-2025,0,5269.0,305.0,7,7,4,6,7,4,4,7,4,2,5,6,2,5,6,5,3,6,4,7,6,2,5,3,4,3,3,4,4,6,5,7,7,7,3,2,2,6,5,6,2,5
d109c2de-ed61-4d7b-8289-f18b6db530c3,2025-04-10 16:07:28.000881+00:00,cohere,command-a-03-2025,0,5269.0,301.0,5,5,3,4,5,3,4,6,4,2,4,3,2,4,5,6,3,5,3,5,4,2,3,2,4,2,3,4,4,5,3,6,5,6,2,2,2,6,3,3,2,2
8bf25706-60b8-4780-b9af-8c271bacaeb6,2025-04-10 16:07:37.538924+00:00,cohere,command-a-03-2025,0,5269.0,305.0,7,7,3,5,7,3,5,7,4,4,4,5,6,5,6,6,3,7,4,6,4,2,4,3,4,3,3,5,4,7,2,6,6,6,2,2,3,5,5,5,2,5
f69fe3d3-a757-4e5e-a521-06878e86abea,2025-04-10 16:07:46.865538+00:00,cohere,command-a-03-2025,0,5269.0,304.0,7,7,2,6,7,3,4,7,4,5,6,6,2,6,7,6,3,7,5,5,6,2,3,4,4,2,4,5,6,7,3,7,6,7,3,2,2,5,5,5,2,6
0bae248a-4da3-4c36-a908-b64351bc9d00,2025-04-10 16:07:57.616514+00:00,cohere,command-a-03-2025,0,5269.0,300.0,7,7,4,6,7,3,4,7,5,3,5,5,2,5,6,6,4,5,5,5,6,2,3,3,3,2,4,4,6,6,3,6,6,7,2,2,2,5,3,4,2,4
5207a26b-5578-422b-9fff-8d8dc8a2080d,2025-04-10 16:08:07.582619+00:00,cohere,command-a-03-2025,0,5269.0,302.0,7,7,3,4,7,3,4,7,5,4,4,6,3,4,6,7,4,6,5,5,6,2,2,3,4,3,2,3,5,6,5,7,7,7,2,2,2,6,5,5,2,3
856d7cfa-3adb-4412-af87-e890f6e74c7f,2025-04-10 16:08:17.678797+00:00,cohere,command-a-03-2025,0,5269.0,307.0,6,6,4,5,6,3,4,6,5,4,4,4,3,6,5,6,3,5,2,5,5,2,3,3,4,3,4,4,4,5,4,5,6,6,3,2,2,5,3,5,2,3
ae404156-2c9d-4f68-aa03-92a47441fda8,2025-04-10 16:08:26.540929+00:00,cohere,command-a-03-2025,0,5269.0,301.0,6,7,3,6,6,3,5,7,4,4,6,5,2,5,6,5,3,6,3,6,5,3,2,4,4,4,3,2,6,7,2,7,5,7,2,3,2,7,5,4,3,2
10e7f082-f9b7-4508-a942-55ab37aad28b,2025-04-10 16:08:34.839998+00:00,cohere,command-a-03-2025,0,5269.0,302.0,7,6,3,6,6,4,5,7,5,4,4,5,2,4,5,6,5,7,3,4,6,3,4,3,5,3,5,4,5,6,2,6,6,7,3,2,2,5,4,6,2,3
9c182988-6ef1-41e7-84ee-db65de7c2d1b,2025-04-10 16:08:43.042520+00:00,cohere,command-a-03-2025,0,5269.0,306.0,7,7,2,6,7,2,4,7,5,1,5,5,2,6,5,6,3,5,4,4,4,2,4,2,3,2,4,4,6,6,3,6,6,7,2,1,1,5,3,6,1,3
81409759-57ae-4f9e-84c3-90fd0ec4e663,2025-04-10 16:08:52.152760+00:00,cohere,command-a-03-2025,0,5272.0,304.0,6,5,3,4,6,4,3,6,3,2,5,4,2,6,5,5,3,5,4,5,5,2,4,4,3,3,2,4,4,6,3,5,6,6,2,2,3,6,3,4,2,5
b3be3ae2-b1bd-4acb-b742-c8ff0f060620,2025-04-10 16:09:01.199544+00:00,cohere,command-a-03-2025,0,5269.0,307.0,7,7,3,6,7,4,4,7,5,4,4,6,2,6,6,5,3,6,4,5,6,2,3,3,4,2,3,4,5,6,2,7,5,7,2,2,2,5,3,5,2,3
7fab2923-7ed2-406a-a417-5459116502b6,2025-04-10 16:09:10.297580+00:00,cohere,command-a-03-2025,0,5269.0,306.0,7,7,3,6,7,3,5,6,5,2,4,5,2,6,4,6,3,6,3,5,6,3,4,4,4,3,3,4,4,5,2,6,6,7,2,2,2,5,3,5,2,3
648ed857-38ac-4bea-98b8-0d218296589b,2025-04-10 16:09:19.326126+00:00,cohere,command-a-03-2025,0,5269.0,304.0,7,7,4,5,7,4,4,7,6,6,5,5,1,5,5,6,3,5,4,6,6,2,2,3,5,4,4,4,5,6,3,6,7,6,2,2,2,3,3,6,2,2
10ef8d3a-3b9e-4195-98bc-68d6cf9bd38e,2025-04-10 16:09:28.207647+00:00,cohere,command-a-03-2025,0,5269.0,307.0,6,6,4,5,6,3,3,7,5,2,4,6,2,5,5,7,4,6,3,5,6,3,3,2,4,2,4,4,5,5,3,7,7,7,2,2,2,6,4,5,2,4
b9e4086f-f082-4d1f-a6e1-eceb79c9ccd6,2025-04-10 16:09:37.684803+00:00,cohere,command-a-03-2025,0,5269.0,303.0,6,6,2,4,5,3,3,5,3,1,3,4,1,4,4,5,2,5,2,3,5,1,2,2,3,3,4,2,3,4,2,6,5,6,2,1,2,6,6,4,2,2
