cuid,created_at,provider,model,temperature,input_tokens,output_tokens,P1. High Privacy: Implementation of a (publicy or privately owned) biobanking system where privacy of individuals is paramount. Stored data and biological samples for research requires the authorization of individual donors.,P2. Cautious Implementation: Minimal input of public resources to development biobanking Use resources  — use instead for other approaches to improving health. Very strict oversight of use of biobanks and strong privacy provisions.,P3. Minimal Government Input: Minimal input of public resources to development biobanking Use resources  — use instead for other approaches to improving health. Fairly relaxed oversight of use of biobanks and  privacy provisions (low level of regulation).,"P4. Privately Funded with strong regulation: A BB system where funding is provided mostly by private companies, withstrong government oversight and privacy provisions.",P5. Privately Funded with minimal regulation: Minimal regulation of privately run biobanking system with maximum participation of the public. Low privacy provisions.,"P6. Publicly Funded with minimal regulation: A biobanking system owned and run by the government, who is also responsible for oversight and privacy provisions, as well as controlling access.","P7. Publicly Funded with strong regulation: A biobanking system owned and run by the government, who is also responsible for oversight and privacy provisions, as well as controlling access."
6a9db151-d84c-4262-8e74-c5fdbac92987,2025-03-20 17:41:58.731563+00:00,mistralai,ministral-8b-latest,0,5131,370,1,6,5,2,7,4,3
7817003b-5e33-4b1a-b67d-087ce895d94a,2025-03-20 17:42:06.805895+00:00,mistralai,ministral-8b-latest,0,5126,350,4,1,6,2,7,5,3
694c20f4-09b1-4f02-baa1-d9f681c58ff8,2025-03-20 17:42:23.963943+00:00,mistralai,ministral-8b-latest,0,5133,351,1,6,5,7,4,3,2
2a87a3a0-5d6f-4cc8-9fe6-625be4050845,2025-03-20 17:42:31.568555+00:00,mistralai,ministral-8b-latest,0,5147,356,1,4,5,2,6,7,3
abeeedf1-8d1a-4e58-baed-b60a25001b88,2025-04-01 15:04:26.641618+00:00,mistralai,ministral-8b-latest,0,5131,373,1,6,5,2,7,4,3
16fbaf35-d0c4-4e67-90a6-877ec3cef734,2025-04-01 15:04:31.177377+00:00,mistralai,ministral-8b-latest,0,5126,353,4,1,6,2,7,5,3
47bb3a48-cc77-437c-be0f-b5ea56917c8b,2025-04-01 15:04:35.730661+00:00,mistralai,ministral-8b-latest,0,5155,382,1,3,6,4,7,5,2
e0acb77b-e741-4542-8fbf-204f5c893583,2025-04-01 15:04:40.463790+00:00,mistralai,ministral-8b-latest,0,5126,351,2,6,4,7,5,3,1
dd8792ea-27f6-4a4e-96b3-c6e63c884b56,2025-04-01 15:04:44.947006+00:00,mistralai,ministral-8b-latest,0,5145,358,1,2,7,6,4,5,3
03d6d8d8-bafd-4677-bc0a-16a0afcf1e12,2025-04-01 15:04:49.449035+00:00,mistralai,ministral-8b-latest,0,5139,370,5,3,6,2,7,4,1
6ae9ac19-41ef-42fc-9799-24795bdeeee3,2025-04-01 15:04:54.117024+00:00,mistralai,ministral-8b-latest,0,5133,354,1,6,5,7,4,3,2
69aa7e51-b407-4a64-9b38-38e9442ddee1,2025-04-01 15:04:58.657594+00:00,mistralai,ministral-8b-latest,0,5131,351,1,4,5,2,6,7,3
6b8612e7-de48-46cb-8c09-91b0b245fd67,2025-04-01 15:05:03.465466+00:00,mistralai,ministral-8b-latest,0,5149,361,6,1,7,5,4,3,2
4c7dc968-d2e5-40c9-98aa-a3ebe10a0ca4,2025-04-01 15:05:07.898844+00:00,mistralai,ministral-8b-latest,0,5141,374,1,4,6,2,5,7,3
281e6ef5-3dee-4acb-aa60-3f58c88689f7,2025-04-03 07:07:39.566430+00:00,mistralai,ministral-8b-latest,0,5089,336,3,5,6,2,4,7,1
c68e023f-c663-4701-a31e-d35c7e27dc09,2025-04-03 07:07:43.745366+00:00,mistralai,ministral-8b-latest,0,5154,386,1,2,3,4,7,6,5
d5928ee8-ee4e-4801-8be6-5d75a9739d9e,2025-04-03 07:07:48.674043+00:00,mistralai,ministral-8b-latest,0,5156,376,2,3,4,1,7,6,5
bf604a86-9d40-43fe-967d-d8f87c1e6b58,2025-04-03 07:07:53.255769+00:00,mistralai,ministral-8b-latest,0,5134,358,2,5,6,3,7,1,4
5de57fad-90f5-44da-91a6-6d51299bfa33,2025-04-03 07:07:58.045862+00:00,mistralai,ministral-8b-latest,0,5142,383,5,2,6,3,7,4,1
61d69fd9-9fb4-4747-b4a4-01a5d41479fb,2025-04-03 07:08:04.460835+00:00,mistralai,ministral-8b-latest,0,5143,363,5,6,7,4,2,3,1
649c0385-5f13-4fdb-947d-a68911307004,2025-04-03 07:08:09.270906+00:00,mistralai,ministral-8b-latest,0,5144,368,2,1,5,4,7,6,3
5f0cfdba-45e2-47fd-be59-2288134cbf83,2025-04-03 07:08:13.739815+00:00,mistralai,ministral-8b-latest,0,5121,353,6,4,5,3,7,2,1
c7e956fd-f0b2-4e6b-9a1f-ec01b2b402e9,2025-04-03 07:08:18.135940+00:00,mistralai,ministral-8b-latest,0,5137,360,3,4,6,5,7,2,1
b80925ff-1f4e-4f73-8a68-044f40118acb,2025-04-03 07:08:23.657024+00:00,mistralai,ministral-8b-latest,0,5109,347,3,2,7,4,5,6,1
e55c5a56-9084-4bf6-8db4-a457e9ce9377,2025-04-03 07:08:27.945438+00:00,mistralai,ministral-8b-latest,0,5147,361,1,4,5,6,7,3,2
b8045f0a-6748-4941-bb59-821a04792d97,2025-04-03 07:08:32.331144+00:00,mistralai,ministral-8b-latest,0,5143,357,1,2,7,4,6,5,3
529bd850-e47d-4b3a-814d-b38e2e585c76,2025-04-03 07:08:36.745331+00:00,mistralai,ministral-8b-latest,0,5167,374,5,1,3,6,7,2,4
7863ae91-e67b-4f61-830a-b93fda859bdc,2025-04-03 07:08:41.239320+00:00,mistralai,ministral-8b-latest,0,5139,376,2,5,7,1,4,3,6
165e0999-0526-4069-83b6-1fb90c26da5f,2025-04-03 07:08:45.873364+00:00,mistralai,ministral-8b-latest,0,5149,363,1,7,6,2,5,4,3
22cb4c34-1539-4000-b105-5917edd6bdb0,2025-04-03 07:08:50.317787+00:00,mistralai,ministral-8b-latest,0,5157,379,3,2,6,5,7,1,4
